{
  "lag_times_s": [
    1,
    2,
    3,
    4,
    5,
    6,
    7,
    8
  ],
  "msd_um2": [
    0.8049152430287887,
    1.6132924248400193,
    2.427392578704708,
    3.2424844517778175,
    4.056539708722823,
    4.865963946693994,
    5.672540329512872,
    6.478614152794051
  ],
  "slope_um2_per_s": 0.8112131101504042,
  "diffusion_m2_s": 2.0280327753760105e-13,
  "r_squared": 0.99,
  "kb_1e23": 1.0240860414884319,
  "relative_error_percent": 25.823117377340864
}